"JOB ID","JOB NAME","BACKEND TYPE","JOB STATUS","SUBMISSION TIME","COMPLETION TIME","EXECUTION TIME (MS)","SHOTS","PROVIDER","TARGET"
"job-qho5nyra","Job-1-OUEF","Trapped-Ion Qubit","FAILED","2025-08-23T10:49:27.684Z","N/A","N/A","4739","IBM","ibm_kyiv"
"job-rxyrwq02","Job-2-TEZ6","Trapped-Ion Qubit","RUNNING","2025-08-11T03:06:21.992Z","N/A","1741","768","IBM","ibm_kyiv"
"job-1cffrl3o","Job-3-DYER","Trapped-Ion Qubit","QUEUED","2025-08-04T03:45:50.226Z","N/A","N/A","4185","IBM","ibm_kyiv"
"job-aluhiss2","Job-4-75FV","Superconducting Qubit","COMPLETED","2025-08-05T22:58:09.868Z","2025-08-05T23:21:27.683Z","3673","4778","IBM","ibm_osaka"
"job-oltkmxdt","Job-5-41WL","Superconducting Qubit","FAILED","2025-07-27T06:10:12.068Z","N/A","N/A","553","IBM","ibm_sherbrooke"
"job-fnp2hdv7","Job-6-2VW4","Trapped-Ion Qubit","FAILED","2025-08-11T04:20:15.209Z","N/A","N/A","5926","IBM","ibm_kyiv"
"job-qdl838x7","Job-7-LMCB","Trapped-Ion Qubit","COMPLETED","2025-08-01T07:32:30.052Z","2025-08-01T07:49:33.220Z","5079","2430","IBM","ibm_sherbrooke"
"job-a4o0z8dg","Job-8-3S61","Superconducting Qubit","QUEUED","2025-07-27T11:05:23.592Z","N/A","N/A","7163","IBM","ibm_osaka"
"job-bxlyou8l","Job-9-9SYH","Superconducting Qubit","COMPLETED","2025-07-29T04:38:38.765Z","2025-07-29T05:31:05.772Z","2667","1694","IBM","ibm_sherbrooke"
"job-ne8kcn61","Job-10-W7MR","Quantum Simulator","FAILED","2025-08-21T06:22:32.477Z","N/A","N/A","2077","IBM","simulator_noise"
"job-30cw5g2f","Job-11-VPQH","Quantum Simulator","COMPLETED","2025-07-31T00:45:13.854Z","2025-07-31T01:20:55.219Z","3080","7482","IBM","simulator_statevector"
"job-ymkhnqbs","Job-12-TKPV","Trapped-Ion Qubit","COMPLETED","2025-08-01T02:08:05.496Z","2025-08-01T02:54:26.941Z","5100","6735","IBM","ibm_sherbrooke"
"job-mhmii8ys","Job-13-CIWS","Quantum Simulator","FAILED","2025-07-29T17:45:51.310Z","N/A","N/A","1874","IBM","simulator_noise"
"job-yst4606l","Job-14-9L66","Superconducting Qubit","COMPLETED","2025-08-21T13:11:28.433Z","2025-08-21T13:55:42.410Z","2416","1333","IBM","ibm_kyiv"
"job-54zz8uqa","Job-15-I3NM","Trapped-Ion Qubit","COMPLETED","2025-07-28T17:29:45.197Z","2025-07-28T17:52:04.846Z","5086","6035","IBM","ibm_sherbrooke"
"job-0apz24rk","Job-16-3RUI","Superconducting Qubit","FAILED","2025-08-12T22:29:57.681Z","N/A","N/A","529","IBM","ibm_sherbrooke"
"job-kmbnj2ar","Job-17-RC1K","Superconducting Qubit","QUEUED","2025-08-03T18:39:34.664Z","N/A","N/A","3779","IBM","ibm_kyiv"
"job-wrsueeyq","Job-18-8HZO","Trapped-Ion Qubit","RUNNING","2025-08-25T02:14:49.576Z","N/A","2042","5086","IBM","ibm_osaka"
"job-v2zfwvrj","Job-19-3EGO","Quantum Simulator","RUNNING","2025-08-04T20:52:46.145Z","N/A","1690","3719","IBM","simulator_noise"
"job-25dw1w23","Job-20-35B3","Trapped-Ion Qubit","FAILED","2025-08-15T15:16:31.608Z","N/A","N/A","7836","IBM","ibm_kyiv"
"job-7yu04ygi","Job-21-UMGR","Quantum Simulator","FAILED","2025-08-05T03:12:34.238Z","N/A","N/A","7006","IBM","simulator_noise"
"job-qh565n9u","Job-22-QPMR","Trapped-Ion Qubit","FAILED","2025-07-26T23:18:12.304Z","N/A","N/A","7916","IBM","ibm_sherbrooke"
"job-wq8hbgxd","Job-23-KJUE","Trapped-Ion Qubit","FAILED","2025-08-04T10:25:08.129Z","N/A","N/A","6128","IBM","ibm_osaka"
"job-vwaq4rl4","Job-24-6SIJ","Trapped-Ion Qubit","RUNNING","2025-08-05T04:03:05.689Z","N/A","2254","5673","IBM","ibm_kyiv"
"job-5nwd48mb","Job-25-3S6I","Superconducting Qubit","RUNNING","2025-08-18T03:34:08.412Z","N/A","2477","1278","IBM","ibm_osaka"
"job-w0b3slcf","Job-26-OF6L","Quantum Simulator","FAILED","2025-08-15T19:55:18.245Z","N/A","N/A","3170","IBM","simulator_noise"
"job-gw8gt2p6","Job-27-RSGS","Superconducting Qubit","COMPLETED","2025-08-04T10:42:48.515Z","2025-08-04T10:56:07.277Z","4362","4946","IBM","ibm_osaka"
"job-3stxr72h","Job-28-B3SQ","Quantum Simulator","COMPLETED","2025-08-05T11:10:58.629Z","2025-08-05T11:28:05.047Z","2814","3876","IBM","simulator_noise"
"job-iruakbpa","Job-29-1907","Trapped-Ion Qubit","COMPLETED","2025-07-28T18:29:09.928Z","2025-07-28T18:39:46.607Z","1130","4108","IBM","ibm_osaka"
"job-gpox5fzr","Job-30-HMBV","Superconducting Qubit","FAILED","2025-08-15T09:47:59.231Z","N/A","N/A","4245","IBM","ibm_sherbrooke"
"job-ggsswjui","Job-31-BBR4","Quantum Simulator","RUNNING","2025-08-11T06:26:55.643Z","N/A","1129","6603","IBM","simulator_statevector"
"job-2rl7fclu","Job-32-PQ61","Trapped-Ion Qubit","QUEUED","2025-08-21T19:46:22.455Z","N/A","N/A","7837","IBM","ibm_kyiv"
"job-8kcet6ug","Job-33-3VH1","Quantum Simulator","RUNNING","2025-08-12T01:54:04.022Z","N/A","499","6177","IBM","simulator_noise"
"job-7g9g2hb7","Job-34-26A6","Trapped-Ion Qubit","RUNNING","2025-08-18T04:09:22.350Z","N/A","2119","2215","IBM","ibm_sherbrooke"
"job-o36flexl","Job-35-QHP3","Quantum Simulator","QUEUED","2025-08-25T02:05:54.016Z","N/A","N/A","5294","IBM","simulator_statevector"
"job-gpum9tnj","Job-36-OUZS","Quantum Simulator","RUNNING","2025-07-27T17:26:03.082Z","N/A","1530","1999","IBM","simulator_noise"
"job-u9tau1rq","Job-37-TI9V","Superconducting Qubit","FAILED","2025-08-14T12:39:22.523Z","N/A","N/A","6083","IBM","ibm_kyiv"
"job-oeycbwr8","Job-38-QI41","Quantum Simulator","FAILED","2025-07-30T05:46:04.926Z","N/A","N/A","6706","IBM","simulator_noise"
"job-uuk4tg07","Job-39-SOBI","Superconducting Qubit","FAILED","2025-08-19T21:27:02.887Z","N/A","N/A","5573","IBM","ibm_osaka"
"job-qnhr8ptd","Job-40-RKTV","Quantum Simulator","QUEUED","2025-08-17T02:58:35.639Z","N/A","N/A","4258","IBM","simulator_noise"
"job-7yxuya60","Job-41-ZOGM","Superconducting Qubit","QUEUED","2025-08-02T08:31:10.273Z","N/A","N/A","5076","IBM","ibm_osaka"
"job-e8itgr1n","Job-42-OVZD","Superconducting Qubit","RUNNING","2025-08-22T08:56:08.838Z","N/A","1245","4121","IBM","ibm_kyiv"
"job-aycw5fs6","Job-43-74Q1","Superconducting Qubit","FAILED","2025-07-27T21:51:40.394Z","N/A","N/A","2439","IBM","ibm_kyiv"
"job-o4a12jkw","Job-44-76RL","Superconducting Qubit","RUNNING","2025-07-28T04:58:00.518Z","N/A","2349","5840","IBM","ibm_kyiv"
"job-l8at5pyg","Job-45-ZBIV","Trapped-Ion Qubit","COMPLETED","2025-07-27T09:13:20.916Z","2025-07-27T09:18:07.336Z","1317","499","IBM","ibm_osaka"
"job-liu8fgfj","Job-46-KI1X","Superconducting Qubit","COMPLETED","2025-08-18T19:28:03.723Z","2025-08-18T20:06:02.311Z","1524","6744","IBM","ibm_osaka"
"job-eld5om3p","Job-47-DCFY","Quantum Simulator","COMPLETED","2025-07-30T09:50:05.216Z","2025-07-30T10:28:27.132Z","4923","1892","IBM","simulator_noise"
"job-sui14aqd","Job-48-OLLZ","Quantum Simulator","QUEUED","2025-08-08T17:21:52.180Z","N/A","N/A","5849","IBM","simulator_noise"
"job-ovr4chbm","Job-49-WI3U","Quantum Simulator","QUEUED","2025-07-30T23:27:47.451Z","N/A","N/A","3579","IBM","simulator_statevector"
"job-7y35d00y","Job-50-1KDU","Quantum Simulator","QUEUED","2025-08-04T03:18:05.495Z","N/A","N/A","4896","IBM","simulator_statevector"
"job-2eav3ssc","Job-51-N5GE","Trapped-Ion Qubit","QUEUED","2025-08-02T09:12:36.276Z","N/A","N/A","186","IBM","ibm_sherbrooke"
"job-vy4x6h23","Job-52-W0BZ","Superconducting Qubit","FAILED","2025-08-07T14:47:09.693Z","N/A","N/A","1557","IBM","ibm_osaka"
"job-vo1lotgh","Job-53-2SRY","Trapped-Ion Qubit","QUEUED","2025-08-25T14:19:42.419Z","N/A","N/A","3873","IBM","ibm_sherbrooke"
"job-0j744qj4","Job-54-BXWO","Trapped-Ion Qubit","COMPLETED","2025-08-06T03:51:11.698Z","2025-08-06T04:12:49.412Z","5402","1772","IBM","ibm_kyiv"
"job-tcc4reet","Job-55-ISPI","Trapped-Ion Qubit","FAILED","2025-08-03T11:04:11.258Z","N/A","N/A","3391","IBM","ibm_sherbrooke"
"job-1mrwdcx1","Job-56-CEQ0","Trapped-Ion Qubit","COMPLETED","2025-08-24T07:08:00.943Z","2025-08-24T07:43:07.815Z","699","2793","IBM","ibm_osaka"
"job-tyet8umf","Job-57-H7YT","Trapped-Ion Qubit","FAILED","2025-08-21T09:25:03.056Z","N/A","N/A","5208","IBM","ibm_osaka"
"job-eppxlzpj","Job-58-8TWO","Quantum Simulator","QUEUED","2025-08-06T01:06:55.829Z","N/A","N/A","3455","IBM","simulator_noise"
"job-gs6llfft","Job-59-7F6A","Superconducting Qubit","QUEUED","2025-08-06T23:47:24.958Z","N/A","N/A","1620","IBM","ibm_kyiv"
"job-8un9p9du","Job-60-OWP3","Quantum Simulator","FAILED","2025-07-29T21:12:39.663Z","N/A","N/A","6863","IBM","simulator_statevector"
"job-hmfrkgcy","Job-61-9B3Q","Trapped-Ion Qubit","FAILED","2025-08-14T12:09:29.750Z","N/A","N/A","6151","IBM","ibm_osaka"
"job-cmcgi9r1","Job-62-K2MO","Quantum Simulator","RUNNING","2025-08-10T05:25:33.499Z","N/A","569","3298","IBM","simulator_noise"
"job-mzqpl04x","Job-63-FTXN","Trapped-Ion Qubit","FAILED","2025-08-18T10:06:56.512Z","N/A","N/A","1423","IBM","ibm_sherbrooke"
"job-t8dlrksv","Job-64-RUTU","Quantum Simulator","RUNNING","2025-08-22T22:05:07.009Z","N/A","2874","1452","IBM","simulator_noise"
"job-0l65lxvz","Job-65-GRCI","Trapped-Ion Qubit","FAILED","2025-08-16T22:52:43.780Z","N/A","N/A","1784","IBM","ibm_kyiv"
"job-39vwv0w8","Job-66-DXGZ","Superconducting Qubit","QUEUED","2025-08-25T09:40:23.852Z","N/A","N/A","2411","IBM","ibm_sherbrooke"
"job-vei53s5z","Job-67-E3RL","Quantum Simulator","COMPLETED","2025-07-30T11:16:02.734Z","2025-07-30T11:59:27.513Z","3900","577","IBM","simulator_noise"
"job-kqix3p1p","Job-68-MJ6J","Quantum Simulator","COMPLETED","2025-08-05T14:05:57.935Z","2025-08-05T15:01:43.954Z","4045","751","IBM","simulator_noise"
"job-1jkgx1md","Job-69-DOYX","Quantum Simulator","COMPLETED","2025-08-19T04:29:06.212Z","2025-08-19T05:10:30.063Z","4763","6587","IBM","simulator_noise"
"job-1m2vmhbw","Job-70-TA0K","Superconducting Qubit","RUNNING","2025-07-28T11:54:03.008Z","N/A","1668","6679","IBM","ibm_kyiv"
"job-aj52v3nl","Job-71-3JQL","Quantum Simulator","QUEUED","2025-08-21T02:18:29.401Z","N/A","N/A","1737","IBM","simulator_statevector"
"job-vxobsvto","Job-72-3OZU","Quantum Simulator","COMPLETED","2025-08-21T18:11:11.284Z","2025-08-21T18:59:46.031Z","1368","3812","IBM","simulator_noise"
"job-4lj1rann","Job-73-P3BB","Superconducting Qubit","RUNNING","2025-08-13T06:03:15.170Z","N/A","1418","1249","IBM","ibm_sherbrooke"
"job-0l0pbe4k","Job-74-RJBK","Trapped-Ion Qubit","FAILED","2025-08-05T03:16:29.040Z","N/A","N/A","1927","IBM","ibm_sherbrooke"
"job-dnjfqoba","Job-75-B5O1","Superconducting Qubit","FAILED","2025-08-14T01:27:14.645Z","N/A","N/A","164","IBM","ibm_osaka"
"job-2bzujd3j","Job-76-20SQ","Superconducting Qubit","QUEUED","2025-08-11T14:49:17.344Z","N/A","N/A","2181","IBM","ibm_kyiv"
"job-878uulrv","Job-77-UJP2","Superconducting Qubit","FAILED","2025-07-31T10:48:18.795Z","N/A","N/A","1242","IBM","ibm_kyiv"
"job-w5qb3o4s","Job-78-E6EH","Quantum Simulator","FAILED","2025-08-14T11:47:09.506Z","N/A","N/A","2274","IBM","simulator_noise"
"job-ecbd4vgm","Job-79-1D74","Quantum Simulator","QUEUED","2025-08-16T22:50:23.830Z","N/A","N/A","2416","IBM","simulator_statevector"
"job-zdbgdd3n","Job-80-1CEA","Trapped-Ion Qubit","RUNNING","2025-08-09T01:59:31.130Z","N/A","2989","5354","IBM","ibm_sherbrooke"
"job-ndefdf43","Job-81-9XB1","Quantum Simulator","QUEUED","2025-08-09T15:32:24.687Z","N/A","N/A","4756","IBM","simulator_statevector"
"job-sqz6adek","Job-82-6J2J","Quantum Simulator","FAILED","2025-08-21T18:18:12.773Z","N/A","N/A","7623","IBM","simulator_statevector"
"job-l838ebgz","Job-83-X7SF","Quantum Simulator","RUNNING","2025-08-05T05:57:23.627Z","N/A","311","7591","IBM","simulator_noise"
"job-wzr6pllb","Job-84-YAS0","Quantum Simulator","RUNNING","2025-08-04T06:01:54.738Z","N/A","729","4123","IBM","simulator_noise"
"job-3rkkpj6b","Job-85-KO8I","Quantum Simulator","RUNNING","2025-07-31T20:10:22.279Z","N/A","1439","857","IBM","simulator_noise"
"job-n8no3udt","Job-86-EDZG","Trapped-Ion Qubit","FAILED","2025-08-19T04:21:29.959Z","N/A","N/A","1098","IBM","ibm_osaka"
"job-xlowqhcr","Job-87-S2UV","Quantum Simulator","QUEUED","2025-08-12T08:06:14.759Z","N/A","N/A","3117","IBM","simulator_noise"
"job-nx7xe9qo","Job-88-RPM6","Trapped-Ion Qubit","RUNNING","2025-08-01T18:46:44.411Z","N/A","1613","3046","IBM","ibm_osaka"
"job-cizolist","Job-89-GWL8","Quantum Simulator","FAILED","2025-08-03T19:28:23.990Z","N/A","N/A","4001","IBM","simulator_noise"
"job-ymcbuz7p","Job-90-9MEI","Quantum Simulator","FAILED","2025-07-29T22:04:04.959Z","N/A","N/A","5087","IBM","simulator_statevector"
"job-qmoal3jb","Job-91-SYUF","Quantum Simulator","QUEUED","2025-08-05T20:51:33.948Z","N/A","N/A","4332","IBM","simulator_statevector"
"job-020bwi24","Job-92-B5O2","Trapped-Ion Qubit","RUNNING","2025-08-18T21:24:28.989Z","N/A","1549","4927","IBM","ibm_osaka"
"job-njo5r2n9","Job-93-B75E","Trapped-Ion Qubit","QUEUED","2025-07-31T07:24:28.648Z","N/A","N/A","7920","IBM","ibm_osaka"
"job-jxksopyc","Job-94-DYKO","Quantum Simulator","QUEUED","2025-07-30T15:32:25.575Z","N/A","N/A","8058","IBM","simulator_noise"
"job-uh2cniyg","Job-95-HL3J","Quantum Simulator","QUEUED","2025-08-13T03:49:19.926Z","N/A","N/A","3755","IBM","simulator_noise"
"job-ghunc86k","Job-96-P1V5","Trapped-Ion Qubit","COMPLETED","2025-08-17T06:40:29.917Z","2025-08-17T07:06:34.558Z","4657","2796","IBM","ibm_osaka"
"job-yejhydjj","Job-97-4NVX","Trapped-Ion Qubit","RUNNING","2025-08-10T15:15:21.559Z","N/A","2260","155","IBM","ibm_osaka"
"job-spkdvrkg","Job-98-XVUU","Quantum Simulator","COMPLETED","2025-08-18T15:39:52.098Z","2025-08-18T16:03:39.154Z","974","2609","IBM","simulator_noise"
"job-35brouui","Job-99-8YDA","Superconducting Qubit","RUNNING","2025-08-24T16:08:05.566Z","N/A","3047","6394","IBM","ibm_sherbrooke"
"job-6btnhv7q","Job-100-SGZQ","Superconducting Qubit","RUNNING","2025-07-27T21:08:13.894Z","N/A","2782","1390","IBM","ibm_kyiv"
"job-6w7g2vti","Job-101-ZUVU","Quantum Simulator","QUEUED","2025-08-12T21:04:51.867Z","N/A","N/A","6649","IBM","simulator_noise"
"job-jec7pyuk","Job-102-MVSU","Trapped-Ion Qubit","RUNNING","2025-08-21T16:27:59.981Z","N/A","2904","2505","IBM","ibm_kyiv"
"job-76ec9ehr","Job-103-B55F","Trapped-Ion Qubit","COMPLETED","2025-08-07T03:31:30.364Z","2025-08-07T04:16:40.541Z","3927","443","IBM","ibm_sherbrooke"
"job-uszps94d","Job-104-FT2R","Trapped-Ion Qubit","COMPLETED","2025-08-16T08:28:15.814Z","2025-08-16T08:43:03.374Z","2816","1380","IBM","ibm_osaka"
"job-hyqlekll","Job-105-HW1C","Superconducting Qubit","QUEUED","2025-08-18T00:52:36.369Z","N/A","N/A","1899","IBM","ibm_kyiv"
"job-s1hn9edp","Job-106-NCMN","Trapped-Ion Qubit","FAILED","2025-08-05T20:36:51.489Z","N/A","N/A","3282","IBM","ibm_sherbrooke"
"job-votkawq1","Job-107-A8XW","Superconducting Qubit","FAILED","2025-08-06T10:18:21.877Z","N/A","N/A","473","IBM","ibm_osaka"
"job-h0b7b36x","Job-108-FY85","Quantum Simulator","QUEUED","2025-08-10T21:00:38.094Z","N/A","N/A","1045","IBM","simulator_statevector"
"job-5zna3m65","Job-109-MSYO","Superconducting Qubit","COMPLETED","2025-08-24T01:59:19.689Z","2025-08-24T02:32:14.415Z","1950","6990","IBM","ibm_kyiv"
"job-2b9bgcyp","Job-110-7LMJ","Trapped-Ion Qubit","FAILED","2025-08-22T22:33:17.165Z","N/A","N/A","3245","IBM","ibm_sherbrooke"
"job-6a6zdw7h","Job-111-Q8EN","Quantum Simulator","QUEUED","2025-08-05T03:41:03.601Z","N/A","N/A","3055","IBM","simulator_noise"
"job-wdnm8ua7","Job-112-7716","Superconducting Qubit","QUEUED","2025-07-29T13:51:50.147Z","N/A","N/A","3832","IBM","ibm_osaka"
"job-dqalnomy","Job-113-68IC","Superconducting Qubit","COMPLETED","2025-07-30T05:13:17.666Z","2025-07-30T05:19:35.363Z","3321","3023","IBM","ibm_kyiv"
"job-h6pyzpt8","Job-114-FUA0","Trapped-Ion Qubit","FAILED","2025-08-11T15:52:05.149Z","N/A","N/A","386","IBM","ibm_kyiv"
"job-8sjb41ze","Job-115-3AC6","Quantum Simulator","QUEUED","2025-08-05T08:25:38.323Z","N/A","N/A","8166","IBM","simulator_noise"
"job-p1kkdpnn","Job-116-T5EV","Quantum Simulator","QUEUED","2025-07-27T18:38:59.205Z","N/A","N/A","3330","IBM","simulator_noise"
"job-aqonxd5f","Job-117-GP7L","Quantum Simulator","QUEUED","2025-08-20T01:05:09.884Z","N/A","N/A","1587","IBM","simulator_statevector"
"job-ml7mhsk0","Job-118-UKQ2","Superconducting Qubit","QUEUED","2025-08-04T23:53:06.890Z","N/A","N/A","376","IBM","ibm_osaka"
"job-zbrxcjwl","Job-119-94Q0","Superconducting Qubit","QUEUED","2025-08-15T12:43:36.250Z","N/A","N/A","1781","IBM","ibm_osaka"
"job-su31zp9k","Job-120-50P7","Quantum Simulator","FAILED","2025-08-05T00:41:58.756Z","N/A","N/A","5137","IBM","simulator_noise"
"job-w0i0r5q9","Job-121-XKFH","Superconducting Qubit","COMPLETED","2025-08-23T22:04:47.493Z","2025-08-23T22:11:42.540Z","4352","6866","IBM","ibm_sherbrooke"
"job-7y7ez1dg","Job-122-XCNW","Trapped-Ion Qubit","RUNNING","2025-08-14T10:32:02.673Z","N/A","558","6239","IBM","ibm_sherbrooke"
"job-ncxbvqm3","Job-123-BOG6","Quantum Simulator","FAILED","2025-08-08T23:39:23.813Z","N/A","N/A","7819","IBM","simulator_statevector"
"job-6gdopgld","Job-124-UY1Z","Trapped-Ion Qubit","COMPLETED","2025-08-20T16:57:57.518Z","2025-08-20T17:07:03.293Z","4316","1935","IBM","ibm_osaka"
"job-czuwxo6u","Job-125-XUI9","Superconducting Qubit","FAILED","2025-08-22T11:39:11.195Z","N/A","N/A","4696","IBM","ibm_kyiv"
"job-jr98azdc","Job-126-ZTYA","Superconducting Qubit","QUEUED","2025-08-02T09:50:30.675Z","N/A","N/A","882","IBM","ibm_kyiv"
"job-ptx65z43","Job-127-301C","Trapped-Ion Qubit","QUEUED","2025-08-07T15:59:45.954Z","N/A","N/A","1902","IBM","ibm_sherbrooke"
"job-47n7wljq","Job-128-2P19","Trapped-Ion Qubit","FAILED","2025-08-06T09:10:59.165Z","N/A","N/A","4640","IBM","ibm_sherbrooke"
"job-iuzpor2d","Job-129-3W95","Trapped-Ion Qubit","QUEUED","2025-08-04T15:15:06.960Z","N/A","N/A","5288","IBM","ibm_sherbrooke"
"job-ie98iabf","Job-130-CH0N","Superconducting Qubit","RUNNING","2025-07-31T01:16:08.162Z","N/A","957","285","IBM","ibm_sherbrooke"
"job-y82zjuj6","Job-131-PS3I","Superconducting Qubit","COMPLETED","2025-08-06T11:16:47.729Z","2025-08-06T11:51:50.305Z","940","5849","IBM","ibm_kyiv"
"job-2v2qeu8m","Job-132-P3WK","Quantum Simulator","COMPLETED","2025-08-13T02:36:09.482Z","2025-08-13T03:28:47.853Z","4722","1733","IBM","simulator_noise"
"job-v22jzvi2","Job-133-5AF8","Quantum Simulator","QUEUED","2025-08-25T12:22:44.002Z","N/A","N/A","2230","IBM","simulator_noise"
"job-bbyltwiy","Job-134-7WJ6","Superconducting Qubit","FAILED","2025-08-18T00:05:43.656Z","N/A","N/A","1941","IBM","ibm_sherbrooke"
"job-dqdgi2l5","Job-135-XNT6","Trapped-Ion Qubit","FAILED","2025-08-17T00:35:47.435Z","N/A","N/A","7878","IBM","ibm_sherbrooke"
"job-wuia8msu","Job-136-3DQT","Quantum Simulator","QUEUED","2025-08-06T02:50:53.915Z","N/A","N/A","703","IBM","simulator_statevector"
"job-ld2q0awz","Job-137-2H40","Superconducting Qubit","RUNNING","2025-07-27T00:52:10.920Z","N/A","2386","3228","IBM","ibm_sherbrooke"
"job-peghlwwp","Job-138-9BCA","Superconducting Qubit","RUNNING","2025-08-21T22:20:16.515Z","N/A","1320","8038","IBM","ibm_sherbrooke"
"job-87dw6n00","Job-139-BNWL","Quantum Simulator","FAILED","2025-08-01T04:09:57.523Z","N/A","N/A","165","IBM","simulator_statevector"
"job-7mceueb8","Job-140-ZVZE","Trapped-Ion Qubit","FAILED","2025-08-03T10:09:41.352Z","N/A","N/A","6289","IBM","ibm_sherbrooke"
"job-mxgx1jga","Job-141-3B9F","Quantum Simulator","RUNNING","2025-07-30T07:34:14.225Z","N/A","2034","5328","IBM","simulator_statevector"
"job-2614nk29","Job-142-39QJ","Quantum Simulator","FAILED","2025-08-18T19:40:36.754Z","N/A","N/A","4083","IBM","simulator_noise"
"job-4eebfrlq","Job-143-DHRM","Trapped-Ion Qubit","QUEUED","2025-08-05T19:54:39.893Z","N/A","N/A","7337","IBM","ibm_kyiv"
"job-giv9cmxj","Job-144-V9WO","Superconducting Qubit","FAILED","2025-08-24T05:31:16.771Z","N/A","N/A","3507","IBM","ibm_osaka"
"job-r1ejnjyz","Job-145-X54K","Quantum Simulator","QUEUED","2025-08-06T03:29:12.121Z","N/A","N/A","2242","IBM","simulator_noise"
"job-hyazr0kk","Job-146-AZ4M","Superconducting Qubit","FAILED","2025-08-06T09:44:40.298Z","N/A","N/A","4155","IBM","ibm_sherbrooke"
"job-sknrx814","Job-147-6EOS","Quantum Simulator","RUNNING","2025-08-02T23:00:38.948Z","N/A","1116","3200","IBM","simulator_statevector"
"job-0otvws9g","Job-148-GNYU","Superconducting Qubit","QUEUED","2025-08-14T09:48:08.333Z","N/A","N/A","6530","IBM","ibm_sherbrooke"
"job-qfb51tej","Job-149-R757","Superconducting Qubit","COMPLETED","2025-08-04T23:41:16.520Z","2025-08-05T00:07:26.835Z","4037","608","IBM","ibm_sherbrooke"
"job-8zx1jh4e","Job-150-99KD","Superconducting Qubit","FAILED","2025-08-09T09:31:02.211Z","N/A","N/A","1233","IBM","ibm_kyiv"
"job-2bbalypk","Job-151-77CQ","Quantum Simulator","COMPLETED","2025-08-25T10:11:20.678Z","2025-08-25T10:35:37.175Z","4014","3359","IBM","simulator_statevector"
"job-3n0a43yw","Job-152-WTMX","Trapped-Ion Qubit","RUNNING","2025-08-07T22:22:40.271Z","N/A","2843","66","IBM","ibm_osaka"
"job-1tc6qcke","Job-153-2QZD","Quantum Simulator","COMPLETED","2025-08-09T00:44:34.678Z","2025-08-09T01:07:13.542Z","846","5242","IBM","simulator_noise"
"job-mijhscvq","Job-154-CKJM","Trapped-Ion Qubit","COMPLETED","2025-08-23T07:56:38.029Z","2025-08-23T08:10:21.675Z","4152","6443","IBM","ibm_kyiv"
"job-nfgypeje","Job-155-JP1E","Trapped-Ion Qubit","FAILED","2025-08-05T17:40:50.280Z","N/A","N/A","6277","IBM","ibm_kyiv"
"job-ry5gbyq9","Job-156-KK7D","Quantum Simulator","FAILED","2025-08-10T03:09:55.159Z","N/A","N/A","1239","IBM","simulator_noise"
"job-rhekdtdb","Job-157-KFKH","Superconducting Qubit","RUNNING","2025-07-30T19:50:42.265Z","N/A","2238","1570","IBM","ibm_osaka"
"job-slggwipg","Job-158-UYEA","Trapped-Ion Qubit","QUEUED","2025-08-16T22:48:46.732Z","N/A","N/A","4667","IBM","ibm_sherbrooke"
"job-oigov9p5","Job-159-ZF2P","Quantum Simulator","QUEUED","2025-08-01T14:47:04.010Z","N/A","N/A","6883","IBM","simulator_noise"
"job-kwudmycq","Job-160-HHOK","Trapped-Ion Qubit","COMPLETED","2025-08-14T23:33:22.042Z","2025-08-15T00:18:04.508Z","4021","1078","IBM","ibm_kyiv"
"job-6jrtlo49","Job-161-BT3B","Trapped-Ion Qubit","QUEUED","2025-08-09T21:12:55.887Z","N/A","N/A","4474","IBM","ibm_kyiv"
"job-ha74r9hk","Job-162-S93C","Superconducting Qubit","FAILED","2025-08-23T04:08:59.186Z","N/A","N/A","2648","IBM","ibm_kyiv"
"job-3hvsz1uw","Job-163-FI5Y","Superconducting Qubit","FAILED","2025-08-04T06:58:40.103Z","N/A","N/A","3727","IBM","ibm_sherbrooke"
"job-mnasqn8c","Job-164-B713","Quantum Simulator","RUNNING","2025-08-15T21:47:56.294Z","N/A","1850","1209","IBM","simulator_statevector"
"job-yyuhfxo8","Job-165-4WGF","Quantum Simulator","QUEUED","2025-08-01T01:09:13.402Z","N/A","N/A","1664","IBM","simulator_statevector"
"job-3qdnrof1","Job-166-Y7V7","Trapped-Ion Qubit","FAILED","2025-08-19T08:46:40.527Z","N/A","N/A","1939","IBM","ibm_kyiv"
"job-h4mbmi0m","Job-167-I4QM","Trapped-Ion Qubit","FAILED","2025-08-13T14:18:15.446Z","N/A","N/A","5048","IBM","ibm_kyiv"
"job-vwse5shs","Job-168-0VJN","Quantum Simulator","RUNNING","2025-08-07T17:28:02.901Z","N/A","2505","4890","IBM","simulator_noise"
"job-mipytjnz","Job-169-0JCP","Superconducting Qubit","RUNNING","2025-08-16T07:20:00.445Z","N/A","571","942","IBM","ibm_kyiv"
"job-1rmohpgu","Job-170-K9AL","Quantum Simulator","RUNNING","2025-08-01T15:19:48.967Z","N/A","1011","619","IBM","simulator_statevector"
"job-y54x96us","Job-171-0QYZ","Trapped-Ion Qubit","QUEUED","2025-08-06T07:44:29.776Z","N/A","N/A","1601","IBM","ibm_osaka"
"job-66esvow7","Job-172-ICDO","Superconducting Qubit","QUEUED","2025-08-20T18:36:27.381Z","N/A","N/A","6865","IBM","ibm_osaka"
"job-xangro8s","Job-173-AN9Y","Quantum Simulator","RUNNING","2025-08-22T17:59:33.841Z","N/A","599","1874","IBM","simulator_noise"
"job-d2lm8sod","Job-174-0172","Quantum Simulator","COMPLETED","2025-08-11T12:39:35.503Z","2025-08-11T13:24:52.819Z","3259","3806","IBM","simulator_noise"
"job-n0r4gbak","Job-175-JRLX","Quantum Simulator","QUEUED","2025-08-05T19:46:17.352Z","N/A","N/A","7216","IBM","simulator_statevector"
"job-0glju9fx","Job-176-CQ09","Quantum Simulator","COMPLETED","2025-08-16T22:37:01.096Z","2025-08-16T23:27:29.292Z","4326","4065","IBM","simulator_noise"
"job-k7eagfse","Job-177-8WCX","Superconducting Qubit","QUEUED","2025-07-27T12:20:34.666Z","N/A","N/A","6434","IBM","ibm_sherbrooke"
"job-axqy2omm","Job-178-U7JW","Trapped-Ion Qubit","RUNNING","2025-08-03T20:37:29.553Z","N/A","1462","1632","IBM","ibm_sherbrooke"
"job-8m11y7jw","Job-179-IH7E","Superconducting Qubit","RUNNING","2025-08-08T21:37:20.521Z","N/A","1957","6507","IBM","ibm_osaka"
"job-wqhyne8h","Job-180-U5Y0","Quantum Simulator","COMPLETED","2025-08-23T15:46:18.186Z","2025-08-23T16:38:21.266Z","4319","4262","IBM","simulator_statevector"
"job-prjlwofa","Job-181-XNAW","Trapped-Ion Qubit","COMPLETED","2025-08-10T11:57:01.869Z","2025-08-10T11:57:13.872Z","5420","7647","IBM","ibm_osaka"
"job-ach75t5e","Job-182-9D2A","Superconducting Qubit","COMPLETED","2025-08-02T11:16:08.230Z","2025-08-02T11:57:02.694Z","820","3474","IBM","ibm_kyiv"
"job-izqpuedv","Job-183-0Z0N","Trapped-Ion Qubit","RUNNING","2025-07-28T18:25:36.095Z","N/A","1789","5892","IBM","ibm_sherbrooke"
"job-z3iq1wu4","Job-184-E8FG","Quantum Simulator","RUNNING","2025-08-02T07:09:51.517Z","N/A","1033","5019","IBM","simulator_noise"
"job-bn2un6jl","Job-185-JAII","Trapped-Ion Qubit","COMPLETED","2025-07-31T06:24:01.773Z","2025-07-31T06:48:18.224Z","4425","6368","IBM","ibm_sherbrooke"
"job-6y6sakf8","Job-186-19OO","Quantum Simulator","QUEUED","2025-08-16T17:47:25.209Z","N/A","N/A","732","IBM","simulator_noise"
"job-c9gzrqq9","Job-187-YUEW","Superconducting Qubit","RUNNING","2025-07-28T15:43:30.656Z","N/A","1763","4416","IBM","ibm_kyiv"
"job-0ocey6a0","Job-188-5OH2","Quantum Simulator","QUEUED","2025-08-09T02:10:22.441Z","N/A","N/A","254","IBM","simulator_noise"
"job-245ejds4","Job-189-ZZPR","Superconducting Qubit","FAILED","2025-08-01T13:54:57.136Z","N/A","N/A","4206","IBM","ibm_sherbrooke"
"job-gaaiz29s","Job-190-KGQ1","Superconducting Qubit","COMPLETED","2025-08-11T22:51:12.619Z","2025-08-11T23:14:26.668Z","3401","3298","IBM","ibm_sherbrooke"
"job-2u4e3wgw","Job-191-T6GO","Trapped-Ion Qubit","COMPLETED","2025-08-04T23:05:33.806Z","2025-08-04T23:24:39.084Z","1113","6552","IBM","ibm_sherbrooke"
"job-s3bmdisk","Job-192-UD9C","Superconducting Qubit","QUEUED","2025-08-10T20:40:47.875Z","N/A","N/A","7408","IBM","ibm_kyiv"
"job-yk4hmgaq","Job-193-GQNI","Superconducting Qubit","FAILED","2025-08-20T18:57:53.038Z","N/A","N/A","3043","IBM","ibm_sherbrooke"
"job-if9evz2v","Job-194-50JE","Superconducting Qubit","RUNNING","2025-08-20T22:48:40.798Z","N/A","601","7167","IBM","ibm_sherbrooke"
"job-tz17d6sn","Job-195-G33N","Quantum Simulator","RUNNING","2025-08-04T08:22:57.560Z","N/A","1947","5841","IBM","simulator_noise"
"job-hml2jouh","Job-196-B2ZJ","Quantum Simulator","RUNNING","2025-08-14T23:48:12.333Z","N/A","2615","4846","IBM","simulator_statevector"
"job-8wc9ogu2","Job-197-8B5G","Quantum Simulator","FAILED","2025-08-20T21:21:12.705Z","N/A","N/A","6862","IBM","simulator_noise"
"job-3k2t8w80","Job-198-IL3G","Trapped-Ion Qubit","RUNNING","2025-08-21T18:48:36.135Z","N/A","658","5044","IBM","ibm_sherbrooke"
"job-g0nkr191","Job-199-ZP7F","Superconducting Qubit","FAILED","2025-08-10T04:19:54.891Z","N/A","N/A","6850","IBM","ibm_kyiv"
"job-gkmaiwz4","Job-200-86F8","Quantum Simulator","COMPLETED","2025-08-14T02:33:13.778Z","2025-08-14T02:54:03.389Z","2355","1348","IBM","simulator_statevector"
"job-uvm1slas","Job-201-QS7C","Quantum Simulator","FAILED","2025-08-19T17:21:52.713Z","N/A","N/A","496","IBM","simulator_statevector"
"job-9sok3h07","Job-202-FLOS","Trapped-Ion Qubit","COMPLETED","2025-08-08T11:30:32.316Z","2025-08-08T12:13:18.212Z","5214","4173","IBM","ibm_osaka"
"job-754ijng2","Job-203-IV3S","Trapped-Ion Qubit","QUEUED","2025-08-05T19:12:52.372Z","N/A","N/A","933","IBM","ibm_osaka"
"job-b6qumjg0","Job-204-ATWT","Superconducting Qubit","FAILED","2025-07-30T19:20:00.277Z","N/A","N/A","2464","IBM","ibm_kyiv"
"job-r2r49z5h","Job-205-C6LW","Quantum Simulator","RUNNING","2025-08-17T10:04:24.299Z","N/A","1377","6508","IBM","simulator_statevector"
"job-wwv1v61v","Job-206-Q0WD","Superconducting Qubit","QUEUED","2025-08-25T13:45:00.016Z","N/A","N/A","6501","IBM","ibm_sherbrooke"
"job-v3zh5k86","Job-207-QJYX","Trapped-Ion Qubit","RUNNING","2025-07-27T00:50:22.115Z","N/A","1764","7111","IBM","ibm_osaka"
"job-m3u4enjh","Job-208-UXKL","Superconducting Qubit","COMPLETED","2025-07-29T00:27:10.547Z","2025-07-29T01:15:18.924Z","5253","7750","IBM","ibm_sherbrooke"
"job-lhdi5skj","Job-209-TBV1","Superconducting Qubit","RUNNING","2025-08-02T18:03:44.290Z","N/A","375","5066","IBM","ibm_kyiv"
"job-wtwdck0x","Job-210-NJN4","Superconducting Qubit","QUEUED","2025-08-09T20:26:57.900Z","N/A","N/A","2503","IBM","ibm_osaka"
"job-o6m62rva","Job-211-DV1B","Trapped-Ion Qubit","COMPLETED","2025-08-14T23:49:43.125Z","2025-08-15T00:47:11.252Z","4103","6559","IBM","ibm_osaka"
"job-nbkavf8s","Job-212-EONS","Quantum Simulator","COMPLETED","2025-08-04T07:01:38.782Z","2025-08-04T07:32:52.817Z","1232","827","IBM","simulator_noise"
"job-bjje0nfx","Job-213-2N47","Superconducting Qubit","FAILED","2025-08-20T17:32:51.066Z","N/A","N/A","733","IBM","ibm_kyiv"
"job-d0ysmjlw","Job-214-D98W","Trapped-Ion Qubit","FAILED","2025-08-01T17:33:42.876Z","N/A","N/A","2359","IBM","ibm_kyiv"
"job-tardk1us","Job-215-ZJ7V","Superconducting Qubit","QUEUED","2025-08-19T14:59:48.969Z","N/A","N/A","5853","IBM","ibm_kyiv"
"job-bziiqtap","Job-216-M67I","Trapped-Ion Qubit","COMPLETED","2025-07-27T23:38:32.659Z","2025-07-28T00:35:48.873Z","5030","5696","IBM","ibm_sherbrooke"
"job-oyscy6pk","Job-217-5U16","Superconducting Qubit","FAILED","2025-08-14T11:25:45.062Z","N/A","N/A","1731","IBM","ibm_osaka"
"job-h9gmvwrc","Job-218-L1A6","Trapped-Ion Qubit","COMPLETED","2025-08-14T14:14:51.718Z","2025-08-14T14:46:52.387Z","3837","7515","IBM","ibm_sherbrooke"
"job-s6w0sb59","Job-219-URBB","Quantum Simulator","QUEUED","2025-08-20T21:13:57.630Z","N/A","N/A","4555","IBM","simulator_statevector"
"job-sedc6gqy","Job-220-8KLF","Quantum Simulator","RUNNING","2025-08-15T12:29:30.016Z","N/A","1901","6681","IBM","simulator_noise"
"job-dcr8qzkj","Job-221-6Q2T","Superconducting Qubit","RUNNING","2025-08-18T04:29:46.790Z","N/A","1257","3428","IBM","ibm_osaka"
"job-29acmqw1","Job-222-G3IU","Superconducting Qubit","COMPLETED","2025-08-05T06:39:13.873Z","2025-08-05T06:46:03.841Z","4897","2947","IBM","ibm_osaka"
"job-o2lzds9b","Job-223-5UIZ","Trapped-Ion Qubit","QUEUED","2025-08-20T16:46:34.402Z","N/A","N/A","2513","IBM","ibm_sherbrooke"
"job-pozrk8e6","Job-224-30YI","Quantum Simulator","QUEUED","2025-08-15T15:25:17.306Z","N/A","N/A","7806","IBM","simulator_statevector"
"job-o9ervbms","Job-225-N6LJ","Trapped-Ion Qubit","RUNNING","2025-07-29T08:12:36.116Z","N/A","1320","6677","IBM","ibm_kyiv"
"job-nz44e02k","Job-226-LT0I","Superconducting Qubit","COMPLETED","2025-08-11T18:14:18.605Z","2025-08-11T18:46:16.520Z","5009","5214","IBM","ibm_sherbrooke"
"job-j2rmxydw","Job-227-XKVU","Trapped-Ion Qubit","QUEUED","2025-08-21T20:21:40.968Z","N/A","N/A","58","IBM","ibm_sherbrooke"
"job-h2grzqt9","Job-228-I3X6","Trapped-Ion Qubit","RUNNING","2025-08-03T19:53:45.875Z","N/A","2923","858","IBM","ibm_kyiv"
"job-3c4v8ne7","Job-229-QJ2O","Superconducting Qubit","RUNNING","2025-08-09T08:03:04.738Z","N/A","111","7898","IBM","ibm_sherbrooke"
"job-ie9t1osn","Job-230-G3TB","Superconducting Qubit","COMPLETED","2025-08-03T15:16:45.577Z","2025-08-03T15:38:00.758Z","4491","5873","IBM","ibm_sherbrooke"
"job-c7em72jx","Job-231-7051","Superconducting Qubit","RUNNING","2025-07-31T01:32:18.474Z","N/A","402","3665","IBM","ibm_kyiv"
"job-fvd4lraz","Job-232-TWWZ","Trapped-Ion Qubit","RUNNING","2025-08-25T07:54:00.052Z","N/A","875","3124","IBM","ibm_kyiv"
"job-hmd3kiir","Job-233-2KZV","Trapped-Ion Qubit","COMPLETED","2025-08-19T14:46:49.621Z","2025-08-19T14:49:16.753Z","640","156","IBM","ibm_sherbrooke"
"job-i4ilxjfx","Job-234-Q8EJ","Quantum Simulator","RUNNING","2025-08-12T12:48:57.105Z","N/A","2516","2539","IBM","simulator_statevector"
"job-mj9t4v2z","Job-235-MTMO","Superconducting Qubit","FAILED","2025-08-12T06:12:30.986Z","N/A","N/A","4563","IBM","ibm_osaka"
"job-nmh2tmnv","Job-236-7ZW6","Quantum Simulator","QUEUED","2025-08-20T16:35:35.928Z","N/A","N/A","6748","IBM","simulator_statevector"
"job-0wmtktsb","Job-237-93EE","Superconducting Qubit","RUNNING","2025-08-16T13:22:03.983Z","N/A","1252","7070","IBM","ibm_sherbrooke"
"job-lgjrhn2f","Job-238-ZLH9","Quantum Simulator","QUEUED","2025-08-07T20:30:05.263Z","N/A","N/A","4635","IBM","simulator_statevector"
"job-8f60lgy7","Job-239-KCLF","Trapped-Ion Qubit","FAILED","2025-08-23T23:11:40.468Z","N/A","N/A","7357","IBM","ibm_sherbrooke"
"job-e6smmpgw","Job-240-X6J5","Superconducting Qubit","RUNNING","2025-08-14T10:20:09.895Z","N/A","1498","643","IBM","ibm_kyiv"
"job-t2jmpx0y","Job-241-TO3C","Trapped-Ion Qubit","FAILED","2025-08-19T21:33:03.465Z","N/A","N/A","2028","IBM","ibm_osaka"
"job-sx626696","Job-242-DU7R","Quantum Simulator","RUNNING","2025-08-16T14:58:29.262Z","N/A","2199","3523","IBM","simulator_noise"
"job-f90rglgw","Job-243-NC91","Superconducting Qubit","COMPLETED","2025-07-28T09:46:52.474Z","2025-07-28T10:02:07.029Z","3617","5856","IBM","ibm_kyiv"
"job-ybdh82yh","Job-244-WMY4","Superconducting Qubit","QUEUED","2025-08-21T02:38:45.351Z","N/A","N/A","1711","IBM","ibm_sherbrooke"
"job-873u0vjd","Job-245-LVA8","Superconducting Qubit","RUNNING","2025-08-20T14:32:13.805Z","N/A","839","7860","IBM","ibm_kyiv"
"job-bea7zhh9","Job-246-C0N7","Quantum Simulator","COMPLETED","2025-08-20T02:49:30.007Z","2025-08-20T03:21:18.159Z","3813","2625","IBM","simulator_statevector"
"job-tjzn4t37","Job-247-84J9","Quantum Simulator","RUNNING","2025-07-28T21:59:40.643Z","N/A","800","5461","IBM","simulator_statevector"
"job-emegrfm5","Job-248-3C8K","Quantum Simulator","RUNNING","2025-08-17T16:33:17.266Z","N/A","864","6807","IBM","simulator_statevector"
"job-cm6c5m06","Job-249-0T7R","Trapped-Ion Qubit","QUEUED","2025-08-24T03:49:06.197Z","N/A","N/A","412","IBM","ibm_osaka"
"job-fniihruw","Job-250-ZZ26","Trapped-Ion Qubit","RUNNING","2025-07-27T09:12:47.599Z","N/A","2976","7681","IBM","ibm_kyiv"
"job-iza5lj5r","Job-251-V9JJ","Quantum Simulator","FAILED","2025-08-03T17:07:24.982Z","N/A","N/A","4707","IBM","simulator_statevector"
"job-96gafsw6","Job-252-616V","Superconducting Qubit","QUEUED","2025-07-29T21:20:35.467Z","N/A","N/A","6293","IBM","ibm_kyiv"
"job-fqabohsa","Job-253-JOI9","Quantum Simulator","FAILED","2025-08-13T10:01:35.076Z","N/A","N/A","7100","IBM","simulator_statevector"
"job-uhkim5xm","Job-254-NC0Z","Quantum Simulator","COMPLETED","2025-08-15T01:52:05.798Z","2025-08-15T01:55:00.528Z","3080","1396","IBM","simulator_noise"
"job-9xii9int","Job-255-G0WM","Superconducting Qubit","FAILED","2025-08-04T07:05:25.267Z","N/A","N/A","785","IBM","ibm_osaka"
"job-3hmui3s5","Job-256-HH8Z","Superconducting Qubit","RUNNING","2025-07-29T18:15:13.062Z","N/A","2529","5914","IBM","ibm_sherbrooke"
"job-p4cru3xu","Job-257-34EO","Trapped-Ion Qubit","QUEUED","2025-08-01T13:20:01.202Z","N/A","N/A","5012","IBM","ibm_sherbrooke"
"job-l217im44","Job-258-R2SU","Quantum Simulator","QUEUED","2025-08-17T08:48:28.464Z","N/A","N/A","3108","IBM","simulator_noise"
"job-woys9rl9","Job-259-IXVM","Quantum Simulator","RUNNING","2025-08-19T17:32:31.082Z","N/A","2189","2755","IBM","simulator_noise"
"job-e5ki6tae","Job-260-H7OB","Quantum Simulator","QUEUED","2025-08-08T10:18:36.393Z","N/A","N/A","8159","IBM","simulator_statevector"
"job-ocrajzuy","Job-261-IVY4","Trapped-Ion Qubit","COMPLETED","2025-07-31T06:40:07.079Z","2025-07-31T07:12:19.732Z","1856","3826","IBM","ibm_osaka"
"job-xoa5qnp4","Job-262-QIWK","Trapped-Ion Qubit","RUNNING","2025-07-26T21:17:15.761Z","N/A","368","6665","IBM","ibm_sherbrooke"
"job-okm32nos","Job-263-BLG2","Trapped-Ion Qubit","RUNNING","2025-07-31T11:45:58.885Z","N/A","2247","812","IBM","ibm_sherbrooke"
"job-0pzdszf4","Job-264-MJOQ","Trapped-Ion Qubit","FAILED","2025-08-05T13:03:59.712Z","N/A","N/A","1092","IBM","ibm_osaka"
"job-rwghxeic","Job-265-JAL9","Superconducting Qubit","QUEUED","2025-08-14T10:36:16.312Z","N/A","N/A","3568","IBM","ibm_sherbrooke"
"job-jyehicvn","Job-266-W3IJ","Superconducting Qubit","FAILED","2025-08-19T12:48:20.677Z","N/A","N/A","3276","IBM","ibm_sherbrooke"
"job-ei0dizdf","Job-267-U60N","Trapped-Ion Qubit","QUEUED","2025-07-28T11:46:06.520Z","N/A","N/A","3074","IBM","ibm_kyiv"
"job-kp2z2mht","Job-268-D4O4","Quantum Simulator","RUNNING","2025-08-05T14:25:46.685Z","N/A","350","1250","IBM","simulator_statevector"
"job-803tbo1m","Job-269-GHRO","Quantum Simulator","QUEUED","2025-07-28T02:53:02.764Z","N/A","N/A","287","IBM","simulator_noise"
"job-u07t4vu9","Job-270-6I0S","Superconducting Qubit","FAILED","2025-08-11T07:49:05.857Z","N/A","N/A","1491","IBM","ibm_osaka"
"job-sm80fxnv","Job-271-OEIP","Superconducting Qubit","COMPLETED","2025-08-09T01:56:54.034Z","2025-08-09T02:18:28.893Z","3518","4522","IBM","ibm_sherbrooke"
"job-8kpp4psd","Job-272-ZCU3","Trapped-Ion Qubit","FAILED","2025-08-16T05:32:33.153Z","N/A","N/A","2577","IBM","ibm_osaka"
"job-19obsbhm","Job-273-AN2F","Trapped-Ion Qubit","QUEUED","2025-08-23T02:56:46.310Z","N/A","N/A","491","IBM","ibm_osaka"
"job-acqfoiuf","Job-274-4BEZ","Quantum Simulator","COMPLETED","2025-08-10T06:22:02.664Z","2025-08-10T07:06:36.121Z","5247","137","IBM","simulator_noise"
"job-00js6twe","Job-275-6OCR","Quantum Simulator","QUEUED","2025-08-06T11:10:07.698Z","N/A","N/A","1584","IBM","simulator_noise"
"job-h63cdzl5","Job-276-ON8A","Quantum Simulator","COMPLETED","2025-08-05T09:04:05.263Z","2025-08-05T09:20:28.745Z","3884","4403","IBM","simulator_statevector"
"job-fc5ibdyt","Job-277-9G05","Trapped-Ion Qubit","COMPLETED","2025-08-11T00:29:59.530Z","2025-08-11T00:47:27.929Z","3808","5292","IBM","ibm_sherbrooke"
"job-v6ohi0gq","Job-278-LNQN","Quantum Simulator","RUNNING","2025-08-14T10:17:38.258Z","N/A","1784","6027","IBM","simulator_statevector"
"job-r6upjaw8","Job-279-MSLE","Quantum Simulator","COMPLETED","2025-07-27T06:13:00.683Z","2025-07-27T06:40:45.322Z","4713","7647","IBM","simulator_noise"
"job-qnc9zhj5","Job-280-Y29D","Quantum Simulator","RUNNING","2025-08-10T01:22:51.874Z","N/A","1655","5354","IBM","simulator_statevector"
"job-m7gxt2w2","Job-281-FEBZ","Superconducting Qubit","COMPLETED","2025-07-30T20:49:41.870Z","2025-07-30T21:17:53.767Z","4323","6993","IBM","ibm_sherbrooke"
"job-0ppr1h26","Job-282-WJHR","Superconducting Qubit","RUNNING","2025-08-04T23:31:07.338Z","N/A","250","1819","IBM","ibm_kyiv"
"job-6sh1rhxy","Job-283-SBS7","Superconducting Qubit","COMPLETED","2025-08-22T09:24:47.729Z","2025-08-22T10:15:07.998Z","5226","421","IBM","ibm_osaka"
"job-9tcwisxy","Job-284-IMHG","Superconducting Qubit","FAILED","2025-07-29T10:16:55.678Z","N/A","N/A","211","IBM","ibm_osaka"
"job-t61uupeh","Job-285-Q6A6","Quantum Simulator","FAILED","2025-08-22T15:15:58.241Z","N/A","N/A","5088","IBM","simulator_noise"
"job-3twb7rpt","Job-286-6JLN","Quantum Simulator","QUEUED","2025-07-29T08:25:29.834Z","N/A","N/A","5954","IBM","simulator_noise"
"job-zlm3bcgu","Job-287-1P7U","Superconducting Qubit","RUNNING","2025-08-14T23:16:48.341Z","N/A","2680","3413","IBM","ibm_osaka"
"job-glxcbdlt","Job-288-5SPG","Quantum Simulator","FAILED","2025-08-19T00:15:44.179Z","N/A","N/A","4689","IBM","simulator_statevector"
"job-fbsft38i","Job-289-LSS1","Trapped-Ion Qubit","QUEUED","2025-08-10T01:11:55.375Z","N/A","N/A","6721","IBM","ibm_kyiv"
"job-0sqbflqc","Job-290-ZKJ8","Superconducting Qubit","FAILED","2025-07-27T22:37:03.990Z","N/A","N/A","6508","IBM","ibm_sherbrooke"
"job-jjqqvwij","Job-291-IFZQ","Trapped-Ion Qubit","FAILED","2025-08-23T13:58:59.161Z","N/A","N/A","6362","IBM","ibm_osaka"
"job-djlvgezn","Job-292-E2G3","Quantum Simulator","QUEUED","2025-08-05T00:24:57.097Z","N/A","N/A","3964","IBM","simulator_noise"
"job-4k4h66q0","Job-293-NKJ3","Trapped-Ion Qubit","COMPLETED","2025-07-30T14:17:19.522Z","2025-07-30T14:49:38.934Z","4957","4562","IBM","ibm_sherbrooke"
"job-s0tjp8do","Job-294-KTOC","Quantum Simulator","FAILED","2025-08-08T21:26:59.862Z","N/A","N/A","7460","IBM","simulator_statevector"
"job-kz8a8hs9","Job-295-SWOG","Superconducting Qubit","RUNNING","2025-08-22T05:14:39.942Z","N/A","828","5328","IBM","ibm_osaka"
"job-whmlpawo","Job-296-6IDY","Superconducting Qubit","RUNNING","2025-08-01T11:50:44.661Z","N/A","103","5199","IBM","ibm_kyiv"
"job-gg0efrqj","Job-297-WTWQ","Trapped-Ion Qubit","COMPLETED","2025-08-24T10:47:29.424Z","2025-08-24T11:02:09.817Z","5497","329","IBM","ibm_osaka"
"job-r4zvqclp","Job-298-LKHW","Trapped-Ion Qubit","COMPLETED","2025-08-24T15:19:01.125Z","2025-08-24T15:54:33.425Z","3087","3535","IBM","ibm_kyiv"
"job-cmj856y0","Job-299-ZLEZ","Superconducting Qubit","RUNNING","2025-08-04T04:01:47.417Z","N/A","1153","829","IBM","ibm_sherbrooke"
"job-9xe63osy","Job-300-S9BJ","Trapped-Ion Qubit","FAILED","2025-08-17T00:33:31.171Z","N/A","N/A","579","IBM","ibm_osaka"